fName,lName
Silvan,Dummigan
Loydie,MacComiskey
Manon,Triner
Eveleen,McShirie
Christine,Fareweather
Leif,Giacoppo
Gavra,Rojahn
Brendon,Latour
Catarina,Colledge
Delainey,Lackington
Paddie,Garnam
Justino,Kirkland
Baron,St. Quentin
Bret,Hutley
Jodie,Slorance
Cullin,Van Dale
Steward,Ancliff
Adelice,Pennacci
Margarette,Keoghane
Ivett,Seston
Cindra,Cinavas
Briano,Bahlmann
Brnaba,Aulds
Deanna,Fishbie
Fifine,Norbury
Brandise,Treneer
Kalli,Waszczyk
Geoff,Mose
Jocelin,Zold
Nicky,Prahl
Jeri,Demschke
Vale,Spurling
Freemon,Gildersleeve
Lenka,Whawell
Kelwin,Soda
Martha,Brassill
Mario,McGougan
Zorina,Taplow
Cyndi,Haughton
Steffane,McGucken
Aleta,Linge
Rozanne,Offill
Andrus,Franciotti
Conny,MacCaughan
Nefen,Astin
Therese,Moen
Mirna,Ollivier
Murry,Giamelli
Nicola,Gauvain
Winfred,Gasnell
Josepha,Haste
Nalani,Felce
Ty,Bedberry
Teresa,Cullabine
Nixie,Gildersleeve
Adah,Stace
Bren,Fraschini
Byrle,Britnell
Cathi,Ebbage
Mordecai,Duffil
Merline,Ziemke
Ray,Gianulli
Ava,Goulder
Mureil,Ronald
Vin,Dandison
Verine,Lombard
Nesta,Brower
Ardith,Tousey
Stafford,Barge
Johnna,Crisp
Tito,Golds
Scotty,Facer
Welby,Hourstan
Dennet,Gorini
Jerrylee,Sappy
Demetra,Reading
Elmo,Sarch
Jo,Partlett
Kettie,Setterington
Ameline,Pedron
Ted,Getcliffe
Deeyn,Hawler
Johanna,Halpeine
Nalani,Caret
Imojean,Lowell
Tiler,Winterflood
Brooks,Lowrie
Lari,Bonallack
Saba,Inchboard
Lauraine,Soppeth
Bendite,Grimble
Saunder,Pentland
Omar,Tye
Lianna,Diche
Bunny,Gooke
Piggy,Iannelli
Geri,Harries
Welby,Sumner
Reggie,Haryngton
Elisha,Greenhaugh
